{
    "directed": false,
    "multigraph": false,
    "graph": {},
    "nodes": [
        {
            "id": [
                166034.1760131694,
                9999994.521852938
            ]
        },
        {
            "id": [
                166034.1759982881,
                9999994.52185271
            ]
        }
    ],
    "links": [
        {
            "cost": 1.488307587355557e-05,
            "source": [
                166034.1760131694,
                9999994.521852938
            ],
            "target": [
                166034.1759982881,
                9999994.52185271
            ]
        }
    ]
}